{
    "Ar36": {
        "error": 0.0004303707578906776, 
        "filter_outliers_dict": {
            "filter_outliers": true, 
            "iterations": 1, 
            "std_devs": 2
        }, 
        "fit": "Linear", 
        "value": 0.027729816435734987
    }, 
    "Ar37": {
        "error": 0.011347311674382063, 
        "filter_outliers_dict": {
            "filter_outliers": true, 
            "iterations": 1, 
            "std_devs": 2
        }, 
        "fit": "linear", 
        "value": 0.579195929520902
    }, 
    "Ar38": {
        "error": 0.005700174554990042, 
        "filter_outliers_dict": {
            "filter_outliers": true, 
            "iterations": 1, 
            "std_devs": 2
        }, 
        "fit": "linear", 
        "value": 0.7056523409808194
    }, 
    "Ar39": {
        "error": 0.019783164408454533, 
        "filter_outliers_dict": {
            "filter_outliers": true, 
            "iterations": 1, 
            "std_devs": 2
        }, 
        "fit": "Linear", 
        "value": 55.825963989013474
    }, 
    "Ar40": {
        "error": 0.029910088641754932, 
        "filter_outliers_dict": {
            "filter_outliers": true, 
            "iterations": 1, 
            "std_devs": 2
        }, 
        "fit": "Linear", 
        "value": 284.51654729744484
    }, 
    "PM41": {
        "error": 0.08189970760013512, 
        "filter_outliers_dict": {
            "filter_outliers": false, 
            "iterations": 1, 
            "std_devs": 2
        }, 
        "fit": "linear", 
        "value": -0.07544400418489464
    }
}