{
    "AX": {
        "error": 0.0077207472828110385, 
        "filter_outliers_dict": {
            "filter_outliers": true, 
            "iterations": 1, 
            "std_devs": 2
        }, 
        "fit": "average", 
        "value": -0.055520284269899044
    }, 
    "CDD": {
        "error": 1.0536281411295883e-05, 
        "filter_outliers_dict": {
            "filter_outliers": true, 
            "iterations": 1, 
            "std_devs": 10
        }, 
        "fit": "average", 
        "value": 3.96974431290723e-05
    }, 
    "H1": {
        "error": 0.005830072981570422, 
        "filter_outliers_dict": {
            "filter_outliers": true, 
            "iterations": 1, 
            "std_devs": 2
        }, 
        "fit": "average", 
        "value": -0.044245447728846116
    }, 
    "H2": {
        "error": 0.008202004596296148, 
        "filter_outliers_dict": {
            "filter_outliers": true, 
            "iterations": 1, 
            "std_devs": 2
        }, 
        "fit": "average", 
        "value": -0.1739907955834877
    }, 
    "L1": {
        "error": 0.0025613030933498582, 
        "filter_outliers_dict": {
            "filter_outliers": true, 
            "iterations": 1, 
            "std_devs": 2
        }, 
        "fit": "average", 
        "value": -0.02419664493688732
    }, 
    "L2": {
        "error": 0.006139850942723674, 
        "filter_outliers_dict": {
            "filter_outliers": true, 
            "iterations": 1, 
            "std_devs": 2
        }, 
        "fit": "average", 
        "value": -0.026910646515428707
    }
}